{
  "timestamp": "2026-05-15T01:34:09.685Z",
  "environment": {
    "runtime": "Bun 1.3.13",
    "dom": "happy-dom"
  },
  "frameworks": {
    "scrml": {
      "initial-render": {
        "median": 4.525384499999987,
        "mean": 4.535730599999994,
        "p95": 4.872433000000001,
        "min": 4.171787999999992,
        "max": 4.872433000000001
      },
      "create-1000": {
        "median": 75.7880204999999,
        "mean": 76.4008853,
        "p95": 87.63407100000006,
        "min": 66.84439999999995,
        "max": 87.63407100000006
      },
      "replace-1000": {
        "median": 69.30751250000003,
        "mean": 72.67460829999996,
        "p95": 92.61528699999963,
        "min": 57.29423700000007,
        "max": 92.61528699999963
      },
      "partial-update": {
        "median": 57.358153499999844,
        "mean": 58.32732770000007,
        "p95": 73.98233199999959,
        "min": 51.94482700000026,
        "max": 73.98233199999959
      },
      "delete-every-10th": {
        "median": 78.79688699999997,
        "mean": 73.48920690000023,
        "p95": 98.1191400000007,
        "min": 49.33085000000028,
        "max": 98.1191400000007
      },
      "clear-all": {
        "median": 11.30197249999992,
        "mean": 11.721635199999946,
        "p95": 13.250430000000051,
        "min": 10.639657000000625,
        "max": 13.250430000000051
      },
      "select-row": {
        "median": 57.623147499999504,
        "mean": 66.37139929999994,
        "p95": 107.5704939999996,
        "min": 54.45001299999967,
        "max": 107.5704939999996
      },
      "swap-rows": {
        "median": 77.31780650000019,
        "mean": 77.37976399999988,
        "p95": 95.17635399999926,
        "min": 61.33558400000038,
        "max": 95.17635399999926
      },
      "remove-row": {
        "median": 57.298712999999225,
        "mean": 57.184560699999565,
        "p95": 58.627966999998534,
        "min": 55.085917000000336,
        "max": 58.627966999998534
      },
      "create-10000": {
        "median": 482.3136279999999,
        "mean": 466.65870960000063,
        "p95": 492.3409009999996,
        "min": 428.61132700000235,
        "max": 492.3409009999996
      },
      "append-1000": {
        "median": 198.51249200000166,
        "mean": 193.47049079999996,
        "p95": 258.28132899999764,
        "min": 110.48753699999725,
        "max": 258.28132899999764
      }
    },
    "React 19": {
      "initial-render": {
        "median": 1.1188779999999952,
        "mean": 1.2285507999999936,
        "p95": 1.8315580000000296,
        "min": 0.8737529999999651,
        "max": 1.8315580000000296
      },
      "create-1000": {
        "median": 99.17437700000005,
        "mean": 93.80894760000001,
        "p95": 104.89947799999993,
        "min": 77.44396300000005,
        "max": 104.89947799999993
      },
      "replace-1000": {
        "median": 75.43112299999984,
        "mean": 82.08455920000002,
        "p95": 112.47075200000018,
        "min": 69.76568700000007,
        "max": 112.47075200000018
      },
      "partial-update": {
        "median": 32.923253999999815,
        "mean": 41.23748480000004,
        "p95": 72.88211200000023,
        "min": 30.075850000000173,
        "max": 72.88211200000023
      },
      "delete-every-10th": {
        "median": 31.908124999999927,
        "mean": 33.84713720000009,
        "p95": 41.94312100000025,
        "min": 30.457092999999986,
        "max": 41.94312100000025
      },
      "clear-all": {
        "median": 5.874698000000535,
        "mean": 6.134140999999909,
        "p95": 7.260450999999193,
        "min": 5.689546999999948,
        "max": 7.260450999999193
      },
      "select-row": {
        "median": 4.98971900000015,
        "mean": 6.206788200000301,
        "p95": 8.591593000000103,
        "min": 4.351628000000346,
        "max": 8.591593000000103
      },
      "swap-rows": {
        "median": 43.9813009999998,
        "mean": 45.01389479999962,
        "p95": 47.29181100000005,
        "min": 42.8303479999995,
        "max": 47.29181100000005
      },
      "remove-row": {
        "median": 29.87001700000019,
        "mean": 29.117789800000175,
        "p95": 30.59734800000024,
        "min": 27.10761899999943,
        "max": 30.59734800000024
      },
      "create-10000": {
        "median": 656.9418060000007,
        "mean": 664.2059289999997,
        "p95": 727.2419869999994,
        "min": 608.4339939999991,
        "max": 727.2419869999994
      },
      "append-1000": {
        "median": 97.69253599999865,
        "mean": 102.72268939999995,
        "p95": 136.32414600000084,
        "min": 83.45830399999977,
        "max": 136.32414600000084
      }
    },
    "Svelte 5": {
      "initial-render": {
        "median": 0.9153349999999989,
        "mean": 1.1577229999999985,
        "p95": 1.6042869999999994,
        "min": 0.8574130000000082,
        "max": 1.6042869999999994
      },
      "create-1000": {
        "median": 39.72518599999995,
        "mean": 40.624170600000014,
        "p95": 48.01569500000005,
        "min": 34.72296700000004,
        "max": 48.01569500000005
      },
      "replace-1000": {
        "median": 50.56781699999999,
        "mean": 49.91522140000004,
        "p95": 54.38547900000003,
        "min": 44.85982100000001,
        "max": 54.38547900000003
      },
      "partial-update": {
        "median": 20.160046000000193,
        "mean": 20.30909059999999,
        "p95": 25.023642999999993,
        "min": 16.674070999999913,
        "max": 25.023642999999993
      },
      "delete-every-10th": {
        "median": 16.414402000000337,
        "mean": 16.668348600000126,
        "p95": 18.132074000000102,
        "min": 16.12730099999999,
        "max": 18.132074000000102
      },
      "clear-all": {
        "median": 9.423260000000028,
        "mean": 9.636981800000012,
        "p95": 10.946975999999722,
        "min": 8.46344100000033,
        "max": 10.946975999999722
      },
      "select-row": {
        "median": 0.07155000000011569,
        "mean": 0.0722406000000774,
        "p95": 0.0884209999999257,
        "min": 0.05790500000011889,
        "max": 0.0884209999999257
      },
      "swap-rows": {
        "median": 27.02231699999993,
        "mean": 26.236865000000034,
        "p95": 29.735751000000164,
        "min": 22.19927000000007,
        "max": 29.735751000000164
      },
      "remove-row": {
        "median": 16.346917999999732,
        "mean": 15.958546000000023,
        "p95": 17.00608000000011,
        "min": 14.378733000000011,
        "max": 17.00608000000011
      },
      "create-10000": {
        "median": 244.80642700000044,
        "mean": 235.5653266666665,
        "p95": 283.7220529999995,
        "min": 178.16749999999956,
        "max": 283.7220529999995
      },
      "append-1000": {
        "median": 41.292866000000686,
        "mean": 37.746149400000284,
        "p95": 42.33949699999994,
        "min": 30.519491000000016,
        "max": 42.33949699999994
      }
    },
    "Vue 3": {
      "initial-render": {
        "median": 1.0063470000000052,
        "mean": 1.0284795999999914,
        "p95": 1.3425780000000032,
        "min": 0.7959839999999758,
        "max": 1.3425780000000032
      },
      "create-1000": {
        "median": 76.96562099999994,
        "mean": 75.16398519999998,
        "p95": 90.46560999999997,
        "min": 62.320768000000044,
        "max": 90.46560999999997
      },
      "replace-1000": {
        "median": 64.29281200000014,
        "mean": 64.70192980000002,
        "p95": 70.94782800000007,
        "min": 58.159280999999964,
        "max": 70.94782800000007
      },
      "partial-update": {
        "median": 4.9752049999997325,
        "mean": 5.091841799999929,
        "p95": 5.91904199999999,
        "min": 4.3744769999998425,
        "max": 5.91904199999999
      },
      "delete-every-10th": {
        "median": 4.373851999999715,