{
  "timestamp": "2026-05-19T01:14:51.699Z",
  "environment": {
    "runtime": "Bun 1.3.13",
    "dom": "happy-dom"
  },
  "frameworks": {
    "scrml": {
      "initial-render": {
        "median": 2.6808420000000055,
        "mean": 2.6814123999999993,
        "p95": 2.912920999999997,
        "min": 2.391707999999994,
        "max": 2.912920999999997
      },
      "create-1000": {
        "median": 52.180448499999954,
        "mean": 53.20081669999998,
        "p95": 61.573958000000005,
        "min": 45.44283900000005,
        "max": 61.573958000000005
      },
      "replace-1000": {
        "median": 58.43051349999996,
        "mean": 59.50947559999997,
        "p95": 73.90399700000012,
        "min": 53.77331800000002,
        "max": 73.90399700000012
      },
      "partial-update": {
        "median": 2.3572094999999536,
        "mean": 2.328456599999936,
        "p95": 3.128715999999713,
        "min": 1.8564230000001771,
        "max": 3.128715999999713
      },
      "delete-every-10th": {
        "median": 3.6827765000000454,
        "mean": 4.2208663000001705,
        "p95": 7.459187000000384,
        "min": 3.449086000000534,
        "max": 7.459187000000384
      },
      "clear-all": {
        "median": 8.776424000000134,
        "mean": 8.816128500000014,
        "p95": 9.400152999999591,
        "min": 8.076818999999887,
        "max": 9.400152999999591
      },
      "select-row": {
        "median": 4.967658499999743,
        "mean": 4.945707699999912,
        "p95": 5.28005899999971,
        "min": 4.7145879999998215,
        "max": 5.28005899999971
      },
      "swap-rows": {
        "median": 3.3510185000000092,
        "mean": 3.9749172999999245,
        "p95": 7.824698999999782,
        "min": 3.2125009999999747,
        "max": 7.824698999999782
      },
      "remove-row": {
        "median": 4.422915999999532,
        "mean": 4.060651199999574,
        "p95": 4.955089000000044,
        "min": 3.1397989999995843,
        "max": 4.955089000000044
      },
      "create-10000": {
        "median": 527.2940720000006,
        "mean": 525.6894024000005,
        "p95": 580.4461940000001,
        "min": 456.57356600000094,
        "max": 580.4461940000001
      },
      "append-1000": {
        "median": 65.1685024999997,
        "mean": 71.42874610000017,
        "p95": 111.4048870000006,
        "min": 63.74442200000158,
        "max": 111.4048870000006
      }
    },
    "React 19": {
      "initial-render": {
        "median": 0.7299139999999937,
        "mean": 0.7142349999999965,
        "p95": 0.8333200000000005,
        "min": 0.5407730000000015,
        "max": 0.8333200000000005
      },
      "create-1000": {
        "median": 55.83142800000002,
        "mean": 55.40431240000002,
        "p95": 63.08029700000009,
        "min": 43.68265000000008,
        "max": 63.08029700000009
      },
      "replace-1000": {
        "median": 51.17431799999986,
        "mean": 54.243511799999965,
        "p95": 64.49777100000006,
        "min": 47.578416999999945,
        "max": 64.49777100000006
      },
      "partial-update": {
        "median": 22.849424,
        "mean": 24.369515799999952,
        "p95": 30.375933999999916,
        "min": 20.96043899999995,
        "max": 30.375933999999916
      },
      "delete-every-10th": {
        "median": 20.730729000000338,
        "mean": 20.81193660000008,
        "p95": 24.466112000000066,
        "min": 18.204027999999653,
        "max": 24.466112000000066
      },
      "clear-all": {
        "median": 4.100383999999849,
        "mean": 4.144624199999998,
        "p95": 4.338022999999794,
        "min": 4.026106000000254,
        "max": 4.338022999999794
      },
      "select-row": {
        "median": 5.294021999999586,
        "mean": 5.257905599999868,
        "p95": 6.118907999999919,
        "min": 4.350701000000299,
        "max": 6.118907999999919
      },
      "swap-rows": {
        "median": 29.99397799999997,
        "mean": 30.211148599999888,
        "p95": 34.348305999999866,
        "min": 26.53841999999986,
        "max": 34.348305999999866
      },
      "remove-row": {
        "median": 20.1924769999996,
        "mean": 20.251672399999915,
        "p95": 22.324005999999827,
        "min": 17.476494999999886,
        "max": 22.324005999999827
      },
      "create-10000": {
        "median": 489.7062329999999,
        "mean": 494.75778833333305,
        "p95": 539.9380069999997,
        "min": 454.6291249999995,
        "max": 539.9380069999997
      },
      "append-1000": {
        "median": 63.41307700000016,
        "mean": 64.98613939999996,
        "p95": 78.86268300000029,
        "min": 57.534192000000075,
        "max": 78.86268300000029
      }
    },
    "Svelte 5": {
      "initial-render": {
        "median": 0.5860649999999907,
        "mean": 0.7553691999999984,
        "p95": 1.075392000000008,
        "min": 0.556761999999992,
        "max": 1.075392000000008
      },
      "create-1000": {
        "median": 23.865364,
        "mean": 24.6905414,
        "p95": 29.994092999999992,
        "min": 22.13648699999999,
        "max": 29.994092999999992
      },
      "replace-1000": {
        "median": 27.65235599999994,
        "mean": 28.32821019999999,
        "p95": 31.01769300000001,
        "min": 27.03409499999998,
        "max": 31.01769300000001
      },
      "partial-update": {
        "median": 13.770432000000028,
        "mean": 13.832945399999995,
        "p95": 15.788365999999996,
        "min": 12.061279000000013,
        "max": 15.788365999999996
      },
      "delete-every-10th": {
        "median": 11.19377200000008,
        "mean": 11.96410880000003,
        "p95": 15.869563000000198,
        "min": 10.42541099999994,
        "max": 15.869563000000198
      },
      "clear-all": {
        "median": 5.397797000000082,
        "mean": 6.578184400000055,
        "p95": 9.951092000000017,
        "min": 5.098829000000023,
        "max": 9.951092000000017
      },
      "select-row": {
        "median": 0.036272000000053595,
        "mean": 0.038470000000006624,
        "p95": 0.04956799999990835,
        "min": 0.029436000000032436,
        "max": 0.04956799999990835
      },
      "swap-rows": {
        "median": 18.47735399999965,
        "mean": 19.14890899999987,
        "p95": 20.89002000000005,
        "min": 17.50082799999973,
        "max": 20.89002000000005
      },
      "remove-row": {
        "median": 11.071819999999661,
        "mean": 11.219318199999998,
        "p95": 12.199971000000005,
        "min": 10.137615000000096,
        "max": 12.199971000000005
      },
      "create-10000": {
        "median": 242.9431910000003,
        "mean": 243.91403200000013,
        "p95": 282.11534200000006,
        "min": 206.68356300000005,
        "max": 282.11534200000006
      },
      "append-1000": {
        "median": 38.118077999999514,
        "mean": 42.02023699999991,
        "p95": 61.51038299999982,
        "min": 33.34246299999995,
        "max": 61.51038299999982
      }
    },
    "Vue 3": {
      "initial-render": {
        "median": 0.5728190000000097,
        "mean": 0.5940503999999975,
        "p95": 0.6700969999999984,
        "min": 0.5392769999999985,
        "max": 0.6700969999999984
      },
      "create-1000": {
        "median": 56.015691000000004,
        "mean": 55.33799839999999,
        "p95": 62.197077999999976,
        "min": 48.19750099999999,
        "max": 62.197077999999976
      },
      "replace-1000": {
        "median": 43.14401100000009,
        "mean": 45.408112800000005,
        "p95": 61.98449900000003,
        "min": 36.179979,
        "max": 61.98449900000003
      },
      "partial-update": {
        "median": 4.0081169999998565,
        "mean": 4.128814999999941,
        "p95": 5.582715999999891,
        "min": 3.187462000000096,
        "max": 5.582715999999891
      },
      "delete-every-10th": {
        "median": 3.575849000000062,
        "mean": 3.6080084000000623,