{
  "timestamp": "2026-05-12T21:21:27.568Z",
  "environment": {
    "runtime": "Bun 1.3.13",
    "dom": "happy-dom"
  },
  "frameworks": {
    "scrml": {
      "initial-render": {
        "median": 5.0269164999999845,
        "mean": 5.197592499999999,
        "p95": 5.750477000000018,
        "min": 4.750782999999984,
        "max": 5.750477000000018
      },
      "create-1000": {
        "median": 67.64622299999996,
        "mean": 69.7532755,
        "p95": 82.77382799999998,
        "min": 56.96571999999992,
        "max": 82.77382799999998
      },
      "replace-1000": {
        "median": 48.454942000000074,
        "mean": 49.59181629999996,
        "p95": 78.89718799999991,
        "min": 41.1833630000001,
        "max": 78.89718799999991
      },
      "partial-update": {
        "median": 4.084132999999838,
        "mean": 4.880154700000003,
        "p95": 12.472338000000036,
        "min": 3.306717999999819,
        "max": 12.472338000000036
      },
      "delete-every-10th": {
        "median": 4.664368999999624,
        "mean": 4.799269199999889,
        "p95": 5.646785999999338,
        "min": 4.460540000000037,
        "max": 5.646785999999338
      },
      "clear-all": {
        "median": 8.899320500000158,
        "mean": 8.891922400000112,
        "p95": 10.070082000000184,
        "min": 7.805375999999342,
        "max": 10.070082000000184
      },
      "select-row": {
        "median": 0.023166000000401255,
        "mean": 0.022994700000072043,
        "p95": 0.028699999999844295,
        "min": 0.013546999999562104,
        "max": 0.028699999999844295
      },
      "swap-rows": {
        "median": 4.3885365000001,
        "mean": 4.361113300000125,
        "p95": 4.726405000000341,
        "min": 3.875741000000744,
        "max": 4.726405000000341
      },
      "remove-row": {
        "median": 6.776912000000721,
        "mean": 6.6811423999999535,
        "p95": 7.42402999999922,
        "min": 5.660111000000143,
        "max": 7.42402999999922
      },
      "create-10000": {
        "median": 432.152419,
        "mean": 424.22748119999994,
        "p95": 447.47473100000025,
        "min": 395.40306899999996,
        "max": 447.47473100000025
      },
      "append-1000": {
        "median": 54.1390835000002,
        "mean": 55.569429099999795,
        "p95": 63.1623329999984,
        "min": 51.15161799999987,
        "max": 63.1623329999984
      }
    },
    "React 19": {
      "initial-render": {
        "median": 1.0872950000000117,
        "mean": 1.097793200000001,
        "p95": 1.2876660000000015,
        "min": 0.8603449999999953,
        "max": 1.2876660000000015
      },
      "create-1000": {
        "median": 87.48359399999993,
        "mean": 90.85450639999999,
        "p95": 111.21851400000003,
        "min": 80.16880600000002,
        "max": 111.21851400000003
      },
      "replace-1000": {
        "median": 70.8456020000001,
        "mean": 74.47506240000003,
        "p95": 98.54353200000014,
        "min": 59.641607999999906,
        "max": 98.54353200000014
      },
      "partial-update": {
        "median": 37.71683200000007,
        "mean": 45.285801399999855,
        "p95": 77.1496559999996,
        "min": 29.85798399999976,
        "max": 77.1496559999996
      },
      "delete-every-10th": {
        "median": 28.584588000000167,
        "mean": 31.177367799999956,
        "p95": 43.24538500000017,
        "min": 24.284746999999697,
        "max": 43.24538500000017
      },
      "clear-all": {
        "median": 6.938183999999637,
        "mean": 12.67294380000003,
        "p95": 35.59737899999982,
        "min": 4.830516999999418,
        "max": 35.59737899999982
      },
      "select-row": {
        "median": 5.497307000000546,
        "mean": 6.856540200000199,
        "p95": 13.487924000000021,
        "min": 4.682979000000159,
        "max": 13.487924000000021
      },
      "swap-rows": {
        "median": 40.05534799999987,
        "mean": 40.72467680000009,
        "p95": 45.52261499999986,
        "min": 35.61497200000031,
        "max": 45.52261499999986
      },
      "remove-row": {
        "median": 28.223933000000216,
        "mean": 28.907610399999975,
        "p95": 34.6100579999993,
        "min": 25.292797000000064,
        "max": 34.6100579999993
      },
      "create-10000": {
        "median": 667.6596060000011,
        "mean": 702.0957403333335,
        "p95": 772.045091,
        "min": 666.5825239999995,
        "max": 772.045091
      },
      "append-1000": {
        "median": 90.82743999999911,
        "mean": 90.19071299999996,
        "p95": 97.14633599999979,
        "min": 83.50699200000054,
        "max": 97.14633599999979
      }
    },
    "Svelte 5": {
      "initial-render": {
        "median": 0.9627249999999776,
        "mean": 1.140775599999995,
        "p95": 1.5106470000000058,
        "min": 0.8874040000000036,
        "max": 1.5106470000000058
      },
      "create-1000": {
        "median": 38.37245199999995,
        "mean": 39.174333399999966,
        "p95": 43.99821399999996,
        "min": 33.66383599999995,
        "max": 43.99821399999996
      },
      "replace-1000": {
        "median": 55.51326700000004,
        "mean": 52.054197599999995,
        "p95": 67.63340700000003,
        "min": 32.266198999999915,
        "max": 67.63340700000003
      },
      "partial-update": {
        "median": 19.419306000000006,
        "mean": 19.589086000000044,
        "p95": 21.424687000000176,
        "min": 18.08202099999994,
        "max": 21.424687000000176
      },
      "delete-every-10th": {
        "median": 17.079839999999876,
        "mean": 16.927932400000053,
        "p95": 18.09624800000006,
        "min": 16.127611000000343,
        "max": 18.09624800000006
      },
      "clear-all": {
        "median": 7.33229799999981,
        "mean": 7.460840199999893,
        "p95": 8.51293399999986,
        "min": 6.657193000000007,
        "max": 8.51293399999986
      },
      "select-row": {
        "median": 0.054117000000132975,
        "mean": 0.053871000000071945,
        "p95": 0.07344600000033097,
        "min": 0.03418199999987337,
        "max": 0.07344600000033097
      },
      "swap-rows": {
        "median": 19.322030000000268,
        "mean": 21.029621599999974,
        "p95": 25.756477999999788,
        "min": 18.968460999999934,
        "max": 25.756477999999788
      },
      "remove-row": {
        "median": 15.142753000000084,
        "mean": 14.865386200000103,
        "p95": 16.40336500000012,
        "min": 13.203007999999954,
        "max": 16.40336500000012
      },
      "create-10000": {
        "median": 256.466864,
        "mean": 253.82186400000015,
        "p95": 291.49548700000014,
        "min": 213.50324100000034,
        "max": 291.49548700000014
      },
      "append-1000": {
        "median": 41.006617000000006,
        "mean": 42.56057860000001,
        "p95": 49.425365999999485,
        "min": 38.57499300000018,
        "max": 49.425365999999485
      }
    },
    "Vue 3": {
      "initial-render": {
        "median": 0.9619199999999637,
        "mean": 0.9607650000000035,
        "p95": 1.154707999999971,
        "min": 0.7984330000000455,
        "max": 1.154707999999971
      },
      "create-1000": {
        "median": 70.67289799999992,
        "mean": 67.21544579999994,
        "p95": 78.02295899999996,
        "min": 54.36548499999992,
        "max": 78.02295899999996
      },
      "replace-1000": {
        "median": 65.7135679999999,
        "mean": 67.68066619999999,
        "p95": 81.22658500000011,
        "min": 61.431254999999965,
        "max": 81.22658500000011
      },
      "partial-update": {
        "median": 4.160183999999845,
        "mean": 4.019434999999976,
        "p95": 4.7764320000001135,
        "min": 3.344437000000198,
        "max": 4.7764320000001135
      },
      "delete-every-10th": {
        "median": 5.055503999999928,
        "mean": 4.950677799999812,